system,n_queries,p@10,ap@10,ndcg@10,p@15,ap@15,ndcg@15
raw_dtw+tsfel,285,0.6526315789473685,0.016362994585686682,0.30818332024680295,0.6341520467836258,0.022979966405981097,0.2996547589155473
tsfel,285,0.6505263157894737,0.016261917726924903,0.29932894785910236,0.6367251461988304,0.02312588866130979,0.29558229067799735
raw_dtw,285,0.5178947368421053,0.011618834883136073,0.23999179777175472,0.5019883040935672,0.015970080016249156,0.2307740805780275
raw_cosine,285,0.507719298245614,0.011843157196363516,0.23295982655147196,0.49122807017543857,0.016101128413632957,0.22543770416708878
random,285,0.40175438596491225,0.006963721224464087,0.15085438007402135,0.3936842105263158,0.009495242528065228,0.1508389249676524
