system,n_queries,p@10,ap@10,ndcg@10,p@15,ap@15,ndcg@15
pattern_raw_cosine+pattern_tsfel,285,0.6480701754385965,0.017006895006302793,0.2772773143291118,0.6341520467836258,0.02417548288562748,0.27113924363245967
pattern_tsfel,285,0.6463157894736842,0.017005820725342336,0.27074189482701294,0.6416374269005848,0.024419703702993976,0.26871724984137946
pattern_raw_cosine,285,0.5094736842105263,0.012113362852340675,0.21764450946035005,0.5022222222222222,0.01690534103105777,0.21260039414861132
pattern_raw_dtw,285,0.4989473684210526,0.011396788926725864,0.2148509063256029,0.49660818713450294,0.016167913917560096,0.21089197570490226
random,285,0.37333333333333335,0.006401364656945223,0.1362181792883103,0.37543859649122807,0.008973747039777573,0.13786044159922176
