system,n_queries,p@10,ap@10,ndcg@10,p@15,ap@15,ndcg@15
raw_dtw+tsfel,151,0.7052980132450332,0.02452360444171094,0.364889500481736,0.6962472406181015,0.03496679281727006,0.3603613920954785
tsfel,151,0.7086092715231788,0.024350267479438636,0.3645108276384957,0.7015452538631347,0.03499889212863067,0.36007871075111747
raw_dtw,151,0.6145695364238412,0.01928452099627586,0.31308495857853536,0.6039735099337747,0.02705930902287241,0.3070293891633067
raw_cosine,151,0.5920529801324503,0.018443583849916928,0.30525601126164625,0.5770419426048565,0.025777524315090224,0.29415932242541776
random,151,0.5450331125827814,0.015097414984880703,0.2511745326135026,0.5540838852097131,0.021760858757505552,0.2532729328921904
