system,n_queries,p@10,ap@10,ndcg@10,p@15,ap@15,ndcg@15
pattern_raw_cosine+pattern_tsfel,151,0.7291390728476822,0.024811315387432597,0.37217867154183076,0.7284768211920529,0.03649481470689988,0.36563363150008016
pattern_tsfel,151,0.7218543046357616,0.02473270092663161,0.3687589906948985,0.7262693156732892,0.03637602846045367,0.362393978245261
pattern_raw_dtw,151,0.6238410596026489,0.01956562240048962,0.29555985093899734,0.6194260485651214,0.028128864547027267,0.29071648063144684
pattern_raw_cosine,151,0.6039735099337749,0.018937638042642948,0.2926611417186667,0.6044150110375277,0.027136033008086907,0.2869991198694968
random,151,0.5668874172185431,0.015854033365350864,0.2462003382482108,0.5602649006622517,0.02229084649554432,0.24154754080656474
