system,n_queries,p@10,ap@10,ndcg@10,p@15,ap@15,ndcg@15
pattern_tsfel,151,0.7317880794701986,0.025055469266503764,0.3738641810615576,0.7333333333333334,0.03684390331627249,0.371585008025751
pattern_raw_cosine+pattern_tsfel,151,0.7139072847682119,0.024383243172964503,0.36501643944860157,0.7152317880794702,0.035528917587382684,0.3581652988540794
pattern_raw_dtw,151,0.609271523178808,0.018549727023478412,0.2974118120101634,0.61280353200883,0.026875359609074518,0.2939098936380447
pattern_raw_cosine,151,0.5860927152317881,0.017951666511208518,0.292576833679699,0.5827814569536424,0.025551738827338834,0.2916413995543685
random,151,0.533112582781457,0.014130500235490135,0.23870244389858708,0.5368653421633554,0.020279827531358426,0.23558798850505508
