system,n_queries,p@10,ap@10,ndcg@10,p@15,ap@15,ndcg@15
pattern_tsfel,151,0.7278145695364239,0.025402024582278186,0.38498745226249936,0.7280353200883003,0.03701498298217101,0.37816653756799307
pattern_raw_cosine+pattern_tsfel,151,0.7198675496688741,0.02499056647084357,0.3797607518829534,0.7267108167770419,0.036770776894406595,0.379487211191264
pattern_raw_cosine,151,0.6198675496688743,0.018840776832966213,0.3105845275085068,0.6163355408388521,0.027094381682926865,0.30249594020190707
pattern_raw_dtw,151,0.5900662251655628,0.017872551756703863,0.30269703306949364,0.6048565121412803,0.026261484618380012,0.3020081101560556
random,151,0.547682119205298,0.015089306234982823,0.23178390278943234,0.5483443708609271,0.021473886261974308,0.235621852422387
