system,n_queries,p@10,ap@10,ndcg@10,p@15,ap@15,ndcg@15
tsfel,151,0.44569536423841066,0.025283619041941773,0.21498510115963101,0.4406181015452538,0.03489963381879573,0.21859204330441986
raw_dtw+tsfel,151,0.4304635761589404,0.023716739821384364,0.21236607877975613,0.4105960264900662,0.032018611416406766,0.20886611576753428
raw_cosine,151,0.36490066225165557,0.018742069928598528,0.18814104212990324,0.3461368653421633,0.02428843865000817,0.1815105403039445
raw_dtw,151,0.3562913907284768,0.018731903793567574,0.1802498320689609,0.35055187637969093,0.024696561477070222,0.17861355324121428
random,151,0.28079470198675494,0.01115464959329181,0.12060325432811718,0.28079470198675494,0.014782032563510482,0.12437846243174339
