system,n_queries,p@10,ap@10,ndcg@10,p@15,ap@15,ndcg@15
pattern_tsfel,151,0.4841059602649006,0.028647984369810576,0.2446894481606142,0.47858719646799125,0.04001433009130224,0.2433684274344566
pattern_raw_cosine+pattern_tsfel,151,0.485430463576159,0.028319224039571128,0.240254028613208,0.46754966887417226,0.03885742796553364,0.23726430093130374
pattern_raw_dtw,151,0.3695364238410596,0.019086165927160195,0.18447564100461666,0.3602649006622517,0.02574602279496936,0.18350367234726686
pattern_raw_cosine,151,0.3629139072847682,0.017777256279475045,0.18274331156123064,0.341280353200883,0.023270008557142022,0.1785896041827365
random,151,0.25894039735099333,0.010348300270723637,0.11185124790586205,0.2724061810154525,0.014084999729699425,0.11951405240446211
