system,n_queries,p@10,ap@10,ndcg@10,p@15,ap@15,ndcg@15
pattern_raw_cosine+pattern_tsfel,151,0.4364238410596027,0.024990319369597173,0.21488641115775617,0.4317880794701986,0.03488575312713026,0.21823084327263398
pattern_tsfel,151,0.43708609271523186,0.02485269952298111,0.2119309968268046,0.4317880794701986,0.034678761686046874,0.21842251120928013
pattern_raw_cosine,151,0.3655629139072848,0.01941713707148846,0.1793878032674787,0.34481236203090504,0.024966144706028915,0.1770078991300947
pattern_raw_dtw,151,0.37284768211920527,0.019512620016998793,0.17894935685513846,0.36026490066225164,0.02613101259261113,0.1810056939408804
random,151,0.25960264900662255,0.009796558234954617,0.10440593018458878,0.2666666666666666,0.013411942265170113,0.11195677269443526
