system,n_queries,p@10,ap@10,ndcg@10,p@15,ap@15,ndcg@15
pattern_raw_cosine+pattern_tsfel,151,0.7072847682119205,0.024179243304955723,0.3887529366277423,0.6971302428256071,0.034831649195681554,0.3768412284620748
pattern_tsfel,151,0.719205298013245,0.024515348871774596,0.3815534672623713,0.7112582781456953,0.03559300232383327,0.3767786516055354
pattern_raw_cosine,151,0.6264900662251656,0.020180936640519224,0.3276760848155538,0.6181015452538631,0.028610559295633876,0.31867873251233253
pattern_raw_dtw,151,0.6258278145695364,0.01967031274767467,0.3255305751046564,0.6163355408388521,0.028104151352547974,0.3178312808400346
random,151,0.5437086092715231,0.015029980134614566,0.23788227994106287,0.5479028697571743,0.021499165731335708,0.2392921330765004
