system,n_queries,p@10,ap@10,ndcg@10,p@15,ap@15,ndcg@15
raw_dtw+tsfel,151,0.7192052980132452,0.02471727485755388,0.3782560503834957,0.7147902869757174,0.036015828993754655,0.37540970124291456
tsfel,151,0.7092715231788081,0.02432926055580893,0.3734416618269185,0.713907284768212,0.03588465859560005,0.37616140436946843
raw_dtw,151,0.6298013245033112,0.020311069827748895,0.3262300878118624,0.6331125827814569,0.029261013296202173,0.32175006245641075
raw_cosine,151,0.6238410596026491,0.019852165105318384,0.3256108873868435,0.6189845474613687,0.02827272656547588,0.3181794471090908
random,151,0.5635761589403974,0.01607746568799452,0.27149462797796936,0.5633554083885209,0.02276621463978274,0.27506546667495924
