system,n_queries,p@10,ap@10,ndcg@10,p@15,ap@15,ndcg@15
pattern_raw_cosine+pattern_tsfel,151,0.7682119205298014,0.026909571336685454,0.407053120372243,0.7642384105960265,0.03940597733476634,0.40184561490987836
pattern_tsfel,151,0.7675496688741722,0.026930941363478334,0.40630700713506984,0.7629139072847682,0.039304745087580785,0.4018110559714336
pattern_raw_dtw,151,0.6490066225165563,0.020986539700526434,0.328087833529583,0.6437086092715231,0.03032752275728026,0.324220263255947
pattern_raw_cosine,151,0.6463576158940398,0.020694345023174413,0.32763672629942087,0.6331125827814569,0.0295146317775566,0.3227375283403104
random,151,0.5417218543046358,0.014598723611976975,0.24106311236656583,0.5562913907284768,0.02133233044180199,0.24786562378371585
