system,n_queries,p@10,ap@10,ndcg@10,p@15,ap@15,ndcg@15
pattern_tsfel,151,0.7410596026490066,0.025494058297124502,0.3839035268901191,0.7315673289183223,0.03679844616942872,0.3765791341818345
pattern_raw_cosine+pattern_tsfel,151,0.7410596026490066,0.025494058297124502,0.3839035268901191,0.7315673289183223,0.03679844616942872,0.3765791341818345
pattern_raw_dtw,151,0.6490066225165563,0.021331210425130313,0.3385820524192684,0.644150110375276,0.03068132763696329,0.33182696513892207
pattern_raw_cosine,151,0.5980132450331126,0.018874982961209562,0.3154479009386773,0.6066225165562914,0.027532798379783247,0.31442708261931146
random,151,0.5503311258278146,0.014833904279682337,0.2450658820282552,0.5523178807947019,0.02139697198041314,0.24722960654816076
