system,n_queries,p@10,ap@10,ndcg@10,p@15,ap@15,ndcg@15
pattern_raw_cosine+pattern_tsfel,129,0.45038759689922486,0.029079348872892992,0.21710520826974158,0.4527131782945737,0.04083295924744119,0.2231006145128917
pattern_tsfel,129,0.462015503875969,0.030234565506835103,0.21639080990573864,0.4599483204134367,0.042395743288021655,0.2254051383853183
pattern_raw_cosine,129,0.3844961240310078,0.02353492402196867,0.19346150029292097,0.36537467700258397,0.031123131929846868,0.19253474854324493
pattern_raw_dtw,129,0.3821705426356589,0.023065076449671186,0.18352224691283814,0.3746770025839793,0.031073999501677933,0.19015240021660423
random,129,0.2914728682170542,0.013751396776683794,0.12648026504371349,0.28837209302325584,0.018195646975613274,0.13089954069685075
