system,n_queries,p@10,ap@10,ndcg@10,p@15,ap@15,ndcg@15
raw_dtw+tsfel,129,0.42015503875968996,0.02619958919516614,0.20439672753990032,0.4046511627906977,0.035540613214203744,0.20727603034264422
tsfel,129,0.4217054263565892,0.026118687233069714,0.19468142303612673,0.42377260981912146,0.036919865687235674,0.2055259552791489
raw_dtw,129,0.3325581395348838,0.01776390059084125,0.1548069931129499,0.3317829457364341,0.02414356554850348,0.1595008258264642
raw_cosine,129,0.32713178294573647,0.016992536952287852,0.14710106057995373,0.3224806201550387,0.023321229486741087,0.15315470369466572
random,129,0.28372093023255823,0.012472124895290745,0.1150190236637902,0.28630490956072346,0.017064325963186935,0.12504306547234242
