system,n_queries,p@10,ap@10,ndcg@10,p@15,ap@15,ndcg@15
pattern_tsfel,129,0.424031007751938,0.026154487110759902,0.19670461110735296,0.41033591731266145,0.03540785996387165,0.1999810998254934
pattern_raw_cosine+pattern_tsfel,129,0.424031007751938,0.026154487110759902,0.19670461110735296,0.41033591731266145,0.03540785996387165,0.1999810998254934
pattern_raw_cosine,129,0.3441860465116279,0.019989138845703722,0.14267995608840597,0.337984496124031,0.02709652819994482,0.14943879350004927
pattern_raw_dtw,129,0.3248062015503876,0.01850663261162172,0.13999493215400807,0.3266149870801034,0.025207794773671185,0.14751020618737484
random,129,0.26356589147286824,0.01167058736520107,0.11176051310283873,0.26718346253229974,0.015838495487609378,0.11775615310215534
