system,n_queries,p@10,ap@10,ndcg@10,p@15,ap@15,ndcg@15
pattern_raw_cosine+pattern_tsfel,285,0.8122807017543859,0.015386593760040323,0.40221676912546295,0.8053801169590644,0.022530279828331844,0.39273977340404786
pattern_tsfel,285,0.8171929824561404,0.015470327493501544,0.39244319137190087,0.8119298245614034,0.022705570278754604,0.3865208170759683
pattern_raw_cosine,285,0.6866666666666666,0.012014799255534373,0.3384014772950455,0.6771929824561403,0.01728727490500095,0.3285439733599996
pattern_raw_dtw,285,0.6789473684210526,0.01161845264669839,0.33516287952622753,0.6690058479532164,0.016735208646407988,0.32741435358242216
random,285,0.5635087719298245,0.008143350456422928,0.228298863470229,0.5567251461988303,0.011565138489704592,0.22793714118060468
