system,n_queries,p@10,ap@10,ndcg@10,p@15,ap@15,ndcg@15
raw_dtw+tsfel,285,0.8003508771929825,0.0147682518274268,0.432257952037639,0.7897076023391814,0.021418696607862244,0.4205003037087177
tsfel,285,0.7992982456140352,0.01482071317021726,0.42735858179365455,0.7894736842105263,0.02156607003240088,0.41730285372945647
raw_dtw,285,0.7,0.011811854713431729,0.34945667788149887,0.6837426900584795,0.016823754352842057,0.3397633884561455
raw_cosine,285,0.6891228070175439,0.011898836616541137,0.3419679698399843,0.6706432748538012,0.016840965714303432,0.3305376461652698
random,285,0.5796491228070175,0.008119466544025324,0.24638295933082754,0.5719298245614035,0.011565263925122013,0.24407960504353107
