system,n_queries,p@10,ap@10,ndcg@10,p@15,ap@15,ndcg@15
raw_dtw+tsfel,129,0.5418604651162792,0.02796177807728163,0.24261369890979062,0.5276485788113696,0.03891588964161653,0.2423462123953589
tsfel,129,0.5395348837209302,0.02809983108716157,0.23324725254205497,0.5369509043927649,0.03965078700564956,0.23995485748200793
raw_dtw,129,0.4736434108527131,0.023941221350586437,0.214635979333707,0.4656330749354005,0.03282133747795335,0.2156511760022504
raw_cosine,129,0.4573643410852713,0.021864324579845704,0.21147726498592334,0.44909560723514214,0.030233001785061536,0.20864361327188713
random,129,0.3744186046511628,0.014132265139075367,0.14562590436060477,0.3715762273901809,0.019486703344845698,0.15072436784816146
