system,n_queries,p@10,ap@10,ndcg@10,p@15,ap@15,ndcg@15
pattern_tsfel,129,0.5697674418604651,0.030079662524268313,0.2708130489314191,0.5550387596899224,0.042451742888229,0.27122024300063075
pattern_raw_cosine+pattern_tsfel,129,0.5627906976744186,0.02991790090175918,0.2691892243984679,0.5509043927648578,0.04180368451139486,0.268042067395251
pattern_raw_dtw,129,0.4922480620155039,0.024532534837453122,0.21447214447641325,0.47700258397932815,0.033625665756364824,0.21755613242682995
pattern_raw_cosine,129,0.4751937984496124,0.023170213247932326,0.21299434107071494,0.47131782945736433,0.03225367516009693,0.21902534308843985
random,129,0.3736434108527132,0.014041741986677578,0.1495568563103087,0.3731266149870801,0.019494601386147618,0.15715480874116056
