system,n_queries,p@10,ap@10,ndcg@10,p@15,ap@15,ndcg@15
pattern_tsfel,129,0.5480620155038759,0.029199349008452405,0.2522947153427854,0.5400516795865632,0.0411684348730301,0.2576941579686567
pattern_raw_cosine+pattern_tsfel,129,0.4968992248062015,0.025416925820369564,0.22241432040149473,0.4795865633074936,0.03472632992973688,0.22165063708193353
pattern_raw_dtw,129,0.4271317829457364,0.019608004904250978,0.17846143061726108,0.4196382428940568,0.02713235632019173,0.1877313119110719
pattern_raw_cosine,129,0.4170542635658914,0.018881194279970148,0.17686674840287406,0.420671834625323,0.02673639086321529,0.18404755572140674
random,129,0.37751937984496126,0.015278935763900938,0.1561235740075013,0.36744186046511623,0.020431565520162457,0.16072912611560075
