system,n_queries,p@10,ap@10,ndcg@10,p@15,ap@15,ndcg@15
pattern_raw_cosine+pattern_tsfel,285,0.543859649122807,0.018148791524813843,0.22076919196352623,0.527485380116959,0.025315181457528254,0.22207503331491962
pattern_tsfel,285,0.5431578947368422,0.017766761577781814,0.2177363719032746,0.5335672514619882,0.025132109605960552,0.2203387803740301
pattern_raw_cosine,285,0.4154385964912281,0.012202510595171365,0.1706297613216631,0.40023391812865494,0.0168023667017767,0.16730145707774363
pattern_raw_dtw,285,0.40842105263157896,0.011787630098070302,0.16522273601780252,0.4025730994152047,0.016394350663039202,0.1654521381116143
random,285,0.28526315789473683,0.005983101757514365,0.09745143528633696,0.28046783625731,0.007975313831666777,0.10070641963112226
