system,n_queries,p@10,ap@10,ndcg@10,p@15,ap@15,ndcg@15
raw_dtw+tsfel,285,0.5603508771929824,0.017723697711431882,0.25706693239930495,0.5347368421052632,0.02430146756727799,0.24927209167452177
tsfel,285,0.5666666666666667,0.017922381788460912,0.25412433573004006,0.5485380116959064,0.025085680554889703,0.25223823774459947
raw_cosine,285,0.40035087719298246,0.011608054595036667,0.18889243795197394,0.3773099415204678,0.015191628075910613,0.1786779575475027
raw_dtw,285,0.41789473684210526,0.011504769577550315,0.18424732948183117,0.3983625730994152,0.0152919567951292,0.1793703747308264
random,285,0.29894736842105263,0.006310184283912331,0.11389340853383859,0.2912280701754386,0.008314972104652521,0.11506198741688047
