system,n_queries,p@10,ap@10,ndcg@10,p@15,ap@15,ndcg@15
pattern_raw_cosine+pattern_tsfel,285,0.5449122807017545,0.017819071711699577,0.22841317660038862,0.5235087719298246,0.024681396725109127,0.22684437407091618
pattern_tsfel,285,0.5378947368421053,0.01737888827838975,0.22155126235955638,0.528888888888889,0.02444211005570952,0.2233447103134044
pattern_raw_cosine,285,0.40035087719298246,0.011911280872731063,0.17885299397808582,0.39438596491228073,0.016344522822422228,0.1747799245880077
pattern_raw_dtw,285,0.40070175438596495,0.011338998134063687,0.17801806625494915,0.38526315789473686,0.015283858635688864,0.17371963045335176
random,285,0.27403508771929824,0.005720748199251862,0.09649262813791178,0.2741520467836257,0.0076896347853501685,0.1004327939036096
