system,n_queries,p@10,ap@10,ndcg@10,p@15,ap@15,ndcg@15
tsfel,129,0.5271317829457365,0.028006427794737238,0.24485554086211395,0.5276485788113695,0.039320495129155725,0.24796423461998887
raw_dtw+tsfel,129,0.5310077519379846,0.027008068186170898,0.24236718782109778,0.5198966408268734,0.0378613630975349,0.24236483797278824
raw_dtw,129,0.4496124031007752,0.020671404021142478,0.18950910543614619,0.44547803617571063,0.028750395888125096,0.19611754149786265
raw_cosine,129,0.4217054263565891,0.019004489999618346,0.18552615061756758,0.4160206718346253,0.026349092602158827,0.18929620636898384
random,129,0.36279069767441857,0.012974554261948865,0.13556999774608555,0.37622739018087853,0.018725130280610788,0.14736809646983587
