system,n_queries,p@10,ap@10,ndcg@10,p@15,ap@15,ndcg@15
pattern_raw_cosine+pattern_tsfel,151,0.7397350993377484,0.025723651427610957,0.38257038854511793,0.7342163355408388,0.03747299776665766,0.3752986475611271
pattern_tsfel,151,0.7403973509933774,0.0258818779614081,0.38059141420273396,0.7333333333333334,0.03749786530137539,0.3725799701693672
pattern_raw_cosine,151,0.6403973509933774,0.02074514801160621,0.331744384878033,0.6286975717439294,0.0295466876557466,0.31921439088017933
pattern_raw_dtw,151,0.6536423841059602,0.02092476879373859,0.3298361619156818,0.6463576158940397,0.030137316302707565,0.32025384694381276
random,151,0.5682119205298014,0.015738321782958666,0.2524538877495773,0.5699779249448124,0.022491986790199592,0.24889818030273958
