system,n_queries,p@10,ap@10,ndcg@10,p@15,ap@15,ndcg@15
raw_dtw+tsfel,151,0.7443708609271523,0.02586367441985223,0.40269818456742595,0.7262693156732892,0.036955888881179504,0.39226862362123743
tsfel,151,0.7397350993377484,0.025375780398493628,0.3944842569030779,0.7386313465783665,0.03726939910467183,0.3923332621658128
raw_dtw,151,0.6403973509933774,0.019981492179270085,0.32268232027045185,0.6233995584988962,0.027922387832619047,0.31363505327040014
raw_cosine,151,0.6298013245033112,0.0194427720055876,0.3215064254944999,0.6088300220750552,0.02706010898719398,0.31090098370940006
random,151,0.5668874172185431,0.015644876653676695,0.26140931672040446,0.566887417218543,0.02228976140628302,0.26282752946805876
