pattern_len,system,n_queries,p@10,ap@10,ndcg@10,p@15,ap@15,ndcg@15
12,pattern_tsfel,129,0.7356589147286822,0.029063545359520344,0.3704165512359884,0.7229974160206719,0.04195622129278242,0.3584094990238528
12,pattern_raw_dtw,129,0.6147286821705427,0.021889572892742588,0.28371402566935755,0.6134366925064599,0.03153931762981944,0.28572260081584644
12,pattern_raw_cosine,129,0.5968992248062015,0.02138681892920192,0.27840228758133606,0.592764857881137,0.030388711770048055,0.2744189403260261
24,pattern_tsfel,129,0.6930232558139535,0.026990667339639174,0.3564408826049116,0.6837209302325582,0.03881220496343595,0.3511490156825838
24,pattern_raw_dtw,129,0.6031007751937986,0.022164781437677947,0.3155157376015612,0.5968992248062015,0.031149842992638593,0.30397365566520373
24,pattern_raw_cosine,129,0.5899224806201551,0.021270328230982086,0.2999015111990644,0.59328165374677,0.030518518066166973,0.2980671922819356
36,pattern_tsfel,129,0.7186046511627908,0.02945530834439204,0.38114089062065615,0.7069767441860465,0.04235668909488946,0.37567070753834003
36,pattern_raw_cosine,129,0.6217054263565892,0.022679907049251907,0.31364440460320236,0.6222222222222222,0.032910747879996184,0.3171508646578533
36,pattern_raw_dtw,129,0.6217054263565891,0.023102758272084654,0.31278372734617277,0.6222222222222223,0.033288274143726454,0.31712609805423725
