system,n_queries,p@10,ap@10,ndcg@10,p@15,ap@15,ndcg@15
pattern_tsfel,129,0.7356589147286822,0.029063545359520344,0.3704165512359884,0.7229974160206719,0.04195622129278242,0.3584094990238528
pattern_raw_cosine+pattern_tsfel,129,0.7131782945736435,0.028148588316103004,0.35549964421819036,0.7038759689922481,0.04045506096953702,0.3455494547391602
pattern_raw_dtw,129,0.6147286821705427,0.021889572892742588,0.28371402566935755,0.6134366925064599,0.03153931762981944,0.28572260081584644
pattern_raw_cosine,129,0.5968992248062015,0.02138681892920192,0.27840228758133606,0.592764857881137,0.030388711770048055,0.2744189403260261
random,129,0.5666666666666667,0.018237227672246118,0.2515974079804166,0.5612403100775192,0.0259340055286927,0.2455947251460196
