system,n_queries,p@10,ap@10,ndcg@10,p@15,ap@15,ndcg@15
pattern_tsfel,129,0.7186046511627908,0.02945530834439204,0.38114089062065615,0.7069767441860465,0.04235668909488946,0.37567070753834003
pattern_raw_cosine+pattern_tsfel,129,0.7170542635658915,0.028957001195660876,0.37133943429318494,0.7069767441860465,0.041549575838466565,0.370964000089939
pattern_raw_cosine,129,0.6217054263565892,0.022679907049251907,0.31364440460320236,0.6222222222222222,0.032910747879996184,0.3171508646578533
pattern_raw_dtw,129,0.6217054263565891,0.023102758272084654,0.31278372734617277,0.6222222222222223,0.033288274143726454,0.31712609805423725
random,129,0.5542635658914729,0.01778065594964296,0.25148050562537266,0.5555555555555555,0.02559535155706101,0.25781310853145223
