system,n_queries,p@10,ap@10,ndcg@10,p@15,ap@15,ndcg@15
tsfel,129,0.7356589147286822,0.029861798652514617,0.36779847474367205,0.7209302325581395,0.04262464708493064,0.36379714202998753
raw_dtw+tsfel,129,0.72015503875969,0.028392155449962795,0.367204526983203,0.704392764857881,0.04042344259892062,0.3582852554846355
raw_dtw,129,0.6255813953488372,0.02362275206608533,0.3300999136858299,0.6129198966408268,0.03316909255648858,0.31984014987331927
raw_cosine,129,0.6302325581395348,0.023365783739636936,0.32393587673500734,0.6155038759689923,0.03289930299590464,0.31595346032843896
random,129,0.5465116279069767,0.017168334859568885,0.23862869803821368,0.5483204134366925,0.02461240566930705,0.2414666337233759
