system,n_queries,p@10,ap@10,ndcg@10,p@15,ap@15,ndcg@15
tsfel,285,0.5480701754385965,0.01733850863060922,0.24591501943520733,0.5323976608187135,0.024239088641375348,0.24314491714712563
raw_dtw+tsfel,285,0.5480701754385965,0.01733850863060922,0.24591501943520733,0.5323976608187135,0.024239088641375348,0.24314491714712563
raw_dtw,285,0.42105263157894735,0.011708304188085706,0.18792897781312634,0.4028070175438596,0.015566749893438625,0.18262085134987036
raw_cosine,285,0.39754385964912287,0.011468010360066285,0.18237701848137033,0.384093567251462,0.015244125679930436,0.1782585940421082
random,285,0.2943859649122807,0.006062576037459134,0.10645477628840952,0.2830409356725146,0.007869081681744548,0.10777156467631187
