system,n_queries,p@10,ap@10,ndcg@10,p@15,ap@15,ndcg@15
pattern_tsfel,285,0.5414035087719299,0.017547260565856846,0.2244906529440062,0.5274853801169591,0.02463332386344229,0.2235093314858912
pattern_raw_cosine+pattern_tsfel,285,0.5273684210526316,0.017207973826863964,0.22013957158814215,0.5178947368421053,0.024167155248762364,0.22124316667650795
pattern_raw_cosine,285,0.40070175438596495,0.011889644710192767,0.17444828613168975,0.3890058479532164,0.016102070381895765,0.1711238588620498
pattern_raw_dtw,285,0.38982456140350874,0.010968996221589481,0.17323658719716317,0.3861988304093567,0.015130862950788276,0.17214179504857058
random,285,0.2792982456140351,0.0057548053704577435,0.0981973996696953,0.27578947368421053,0.007713373155381607,0.09987258732580792
