system,n_queries,p@10,ap@10,ndcg@10,p@15,ap@15,ndcg@15
pattern_raw_cosine+pattern_tsfel,285,0.8059649122807017,0.01528039734785781,0.4016089266088637,0.7913450292397661,0.02218489196682094,0.39139641902081734
pattern_tsfel,285,0.8028070175438596,0.01519174056754332,0.39438183228967455,0.8009356725146198,0.022391559714670845,0.39174815940811336
pattern_raw_dtw,285,0.6866666666666666,0.0119484805875137,0.33349520842194835,0.6781286549707601,0.017223034907553954,0.32460847274259
pattern_raw_cosine,285,0.6905263157894738,0.01215489370189311,0.32783221437355303,0.6771929824561403,0.017449554258738943,0.3203773061913809
random,285,0.563859649122807,0.008099012957325563,0.22844241234387389,0.56046783625731,0.011578476801200005,0.22962791574237626
