system,n_queries,p@10,ap@10,ndcg@10,p@15,ap@15,ndcg@15
tsfel,285,0.8189473684210525,0.015180716426058111,0.43113206542992494,0.8084210526315788,0.022099917869100975,0.42456601863398435
raw_dtw+tsfel,285,0.8122807017543859,0.014944608140311096,0.4301031623564389,0.7976608187134503,0.021646558906120408,0.4200559779683935
raw_cosine,285,0.6863157894736841,0.011818426849105551,0.34480392302583396,0.6685380116959063,0.016716144175351565,0.3339272671711947
raw_dtw,285,0.6884210526315789,0.011710116142735219,0.3408347839751302,0.68046783625731,0.016715705622850265,0.3363640772509716
random,285,0.5940350877192982,0.00868894862311886,0.2626231899952574,0.5869005847953216,0.01231637609992955,0.2599854508982259
