system,n_queries,p@10,ap@10,ndcg@10,p@15,ap@15,ndcg@15
pattern_raw_cosine+pattern_tsfel,285,0.5136842105263157,0.016540228246349535,0.21724352143947218,0.5015204678362574,0.02311229775738348,0.21758970552702123
pattern_tsfel,285,0.5080701754385966,0.01650535605646772,0.21014728815354367,0.4984795321637427,0.023049963010847288,0.21188984732943023
pattern_raw_cosine,285,0.41017543859649125,0.012182685443738026,0.16912297184823755,0.4014035087719298,0.0166735894639468,0.1704772848516791
pattern_raw_dtw,285,0.39649122807017545,0.011187003311557059,0.16622789224143142,0.38830409356725143,0.015383914686773867,0.16672440118156828
random,285,0.27122807017543865,0.0053069807267072866,0.09462887363047175,0.2783625730994152,0.007372356779942245,0.10033491062383387
