system,n_queries,p@10,ap@10,ndcg@10,p@15,ap@15,ndcg@15
tsfel,285,0.5357894736842105,0.01701416242069732,0.23951817201577152,0.519298245614035,0.02371402900996886,0.23604668744596474
raw_dtw+tsfel,285,0.5357894736842105,0.01701416242069732,0.23951817201577152,0.519298245614035,0.02371402900996886,0.23604668744596474
raw_dtw,285,0.43157894736842106,0.012309926946805199,0.19024733089418835,0.4070175438596491,0.016223725351254267,0.183331241418487
raw_cosine,285,0.4080701754385965,0.012030115187568996,0.18627536510468162,0.38713450292397666,0.015834191314245436,0.17990061468405869
random,285,0.28877192982456146,0.0060939597643834414,0.10807648913800216,0.27976608187134505,0.007953031628501583,0.10994715740945603
