system,n_queries,p@10,ap@10,ndcg@10,p@15,ap@15,ndcg@15
pattern_tsfel,285,0.5178947368421053,0.01642654927477591,0.2172862932568251,0.5054970760233918,0.023087067873629644,0.21944077314820737
pattern_raw_cosine+pattern_tsfel,285,0.4971929824561403,0.016118330398828973,0.2146670709678025,0.4921637426900584,0.022752431393498657,0.2169286598223719
pattern_raw_cosine,285,0.40210526315789474,0.011826546846959402,0.16983855557640984,0.3892397660818714,0.01613635234895057,0.16872441681518408
pattern_raw_dtw,285,0.3894736842105263,0.01104734053859157,0.16478548635608128,0.38339181286549706,0.01516533050744772,0.16654895169178746
random,285,0.2807017543859649,0.005723701768039502,0.10306648785676696,0.2762573099415204,0.007614339647895796,0.10593013042958382
