system,n_queries,p@10,ap@10,ndcg@10,p@15,ap@15,ndcg@15
pattern_raw_cosine+pattern_tsfel,285,0.5249122807017543,0.01684046909477776,0.22814454750486382,0.5221052631578947,0.023822416234061214,0.2309118817956705
pattern_tsfel,285,0.5242105263157895,0.016458087510039344,0.2201891487405843,0.5134502923976608,0.023092794295058814,0.22156821992419215
pattern_raw_cosine,285,0.38807017543859645,0.01049429039553172,0.16771790386093893,0.3707602339181286,0.014067210049658479,0.16354656529962058
pattern_raw_dtw,285,0.3729824561403509,0.010218380496061883,0.16125365070793599,0.3649122807017544,0.01394728242911561,0.16024876147072906
random,285,0.2835087719298246,0.005671746156001047,0.10564005091074014,0.28467836257309936,0.007742574325709038,0.108609260529746
