system,n_queries,p@10,ap@10,ndcg@10,p@15,ap@15,ndcg@15
pattern_raw_cosine+pattern_tsfel,129,0.5511627906976744,0.02921131751993396,0.2761959081972299,0.5498708010335918,0.0414045271377024,0.27845058798012584
pattern_tsfel,129,0.5596899224806201,0.029890430961734687,0.2708364019370938,0.5498708010335916,0.04231612853878447,0.27020249860300805
pattern_raw_cosine,129,0.4658914728682171,0.022357687179640783,0.23197818790683966,0.4578811369509044,0.030697088825953876,0.23004453656019816
pattern_raw_dtw,129,0.45271317829457364,0.021829974186286606,0.213050284885587,0.4677002583979328,0.03150974288913145,0.2221117681725333
random,129,0.3682170542635659,0.013691840251660342,0.15937221863941936,0.36795865633074937,0.019077817056642882,0.1605517777260745
