system,n_queries,p@10,ap@10,ndcg@10,p@15,ap@15,ndcg@15
pattern_tsfel,285,0.6147368421052631,0.015640184135208575,0.2757482186498708,0.6107602339181286,0.022585499128172894,0.2751213821995215
pattern_raw_cosine+pattern_tsfel,285,0.6038596491228071,0.015298837094498004,0.27412666964321303,0.5997660818713451,0.022042846006694677,0.2717204513906776
pattern_raw_dtw,285,0.5129824561403509,0.012134691825692023,0.22432731378399726,0.504093567251462,0.01704311908380857,0.2224566600510136
pattern_raw_cosine,285,0.507719298245614,0.012061059549331642,0.22414852076039857,0.5029239766081871,0.017084795472121005,0.2211938097458124
random,285,0.3642105263157895,0.006129645127973345,0.14335655379041906,0.36678362573099416,0.008539451818367622,0.14416110874564453
