system,n_queries,p@10,ap@10,ndcg@10,p@15,ap@15,ndcg@15
pattern_raw_cosine+pattern_tsfel,285,0.6312280701754386,0.016445798269068595,0.2719482280057858,0.6163742690058479,0.023406866672959093,0.2657429610635156
pattern_tsfel,285,0.6231578947368421,0.015982715240275076,0.26191621659094694,0.6133333333333333,0.023011845317085892,0.2590036510645996
pattern_raw_cosine,285,0.5224561403508771,0.012563174838712726,0.2232245756278788,0.5073684210526316,0.017532554530875495,0.2178082533371573
pattern_raw_dtw,285,0.5108771929824563,0.011822755243628831,0.21798275489477423,0.5015204678362574,0.016679735060108114,0.21454884707630312
random,285,0.3557894736842105,0.006037705961963989,0.1300973961587285,0.36514619883040933,0.00856006801825053,0.13369571735361216
