system,n_queries,p@10,ap@10,ndcg@10,p@15,ap@15,ndcg@15
tsfel,285,0.6210526315789474,0.015516771813014396,0.291915180934758,0.6035087719298246,0.021862822780917033,0.28723086379838514
raw_dtw+tsfel,285,0.6192982456140351,0.01542039315782704,0.2892087562596798,0.6016374269005847,0.02163264171519652,0.28362811608374194
raw_dtw,285,0.5164912280701754,0.011949384817491627,0.23731047982418685,0.49099415204678365,0.016165609565627154,0.22945465425123485
raw_cosine,285,0.4971929824561404,0.011732724259207822,0.23002065051400494,0.47298245614035084,0.01587526697440393,0.2197252022807594
random,285,0.38421052631578945,0.006566346184445425,0.1497299886771659,0.3775438596491228,0.008985350026765484,0.1502833116898635
