system,n_queries,p@10,ap@10,ndcg@10,p@15,ap@15,ndcg@15
pattern_raw_cosine+pattern_tsfel,129,0.3945736434108527,0.023971805980438788,0.18476680826286518,0.3875968992248062,0.03262174648338681,0.1938737952495833
pattern_tsfel,129,0.40077519379844956,0.024660001665151414,0.18150366058548545,0.4041343669250646,0.034712883587065715,0.19830015118357738
pattern_raw_dtw,129,0.3441860465116279,0.02035770702359742,0.16386406404851175,0.33126614987080105,0.026999779840998175,0.16862088040039802
pattern_raw_cosine,129,0.32945736434108525,0.01844203418678955,0.1484690536752363,0.3426356589147287,0.02610809335164312,0.16144776530702232
random,129,0.2720930232558139,0.01173992097931016,0.10066940356823159,0.2770025839793282,0.016169515716245027,0.11538750138048795
