system,n_queries,p@10,ap@10,ndcg@10,p@15,ap@15,ndcg@15
pattern_tsfel,129,0.44341085271317826,0.028420006859840044,0.20048143253235431,0.4403100775193799,0.04026035603745252,0.20894524392877686
pattern_raw_cosine+pattern_tsfel,129,0.43410852713178294,0.027345627856789977,0.19956224444459142,0.42997416020671836,0.03826234801118338,0.21109228984928258
pattern_raw_cosine,129,0.3635658914728682,0.021049039362819426,0.16823520221359567,0.3607235142118863,0.028288262613444876,0.17185488379389835
pattern_raw_dtw,129,0.37054263565891477,0.021950349191912567,0.16703813280460336,0.372609819121447,0.030095430078796063,0.175433021514964
random,129,0.2612403100775194,0.011250607191602681,0.10733542115572299,0.26718346253229974,0.01549280118306865,0.11539887205317345
