system,n_queries,p@10,ap@10,ndcg@10,p@15,ap@15,ndcg@15
tsfel,129,0.4279069767441861,0.02757756632107115,0.20901550670632932,0.41343669250646,0.03703355145096779,0.2126676144140452
raw_dtw+tsfel,129,0.4217054263565892,0.027078594748979348,0.2040150768640998,0.40671834625323,0.03625475782436938,0.2055803914696767
raw_dtw,129,0.3728682170542636,0.021658384869742024,0.16378809786051862,0.36227390180878555,0.028915718833880933,0.17121922647921997
raw_cosine,129,0.3449612403100775,0.01898330493500703,0.1513739544111849,0.33126614987080105,0.025498560244350155,0.15926184494322385
random,129,0.26821705426356585,0.01212494662175334,0.10705262422392448,0.2770025839793282,0.016470911472302386,0.11634191184900156
