system,n_queries,p@10,ap@10,ndcg@10,p@15,ap@15,ndcg@15
pattern_tsfel,129,0.437984496124031,0.027870662826718698,0.20226707504820635,0.42015503875968996,0.03768597113705622,0.20821701806020523
pattern_raw_cosine+pattern_tsfel,129,0.3992248062015504,0.025287215460179684,0.18361101006038544,0.3958656330749354,0.03451914388382901,0.19466986467232897
pattern_raw_cosine,129,0.33953488372093027,0.01963718399651359,0.1579216940914543,0.3281653746770026,0.026118324609468627,0.16256010496897957
pattern_raw_dtw,129,0.3488372093023256,0.01926930702516584,0.14864437125411792,0.3400516795865633,0.0259813015011951,0.1605477545217623
random,129,0.3023255813953488,0.014755701551591635,0.12610557702749453,0.2925064599483204,0.01929378142873901,0.13176847357263713
