system,n_queries,p@10,ap@10,ndcg@10,p@15,ap@15,ndcg@15
pattern_raw_cosine+pattern_tsfel,285,0.6364912280701754,0.016558420495475585,0.29592852296947775,0.6327485380116958,0.023902640896335786,0.29340526563262037
pattern_tsfel,285,0.6354385964912281,0.016472954732274038,0.28894521343130436,0.631812865497076,0.023763224404419008,0.28685514477863655
pattern_raw_cosine,285,0.4761403508771929,0.01040699896205166,0.21257865850320715,0.46947368421052627,0.014583331308630744,0.20581444092760523
pattern_raw_dtw,285,0.4778947368421052,0.010615433534701162,0.211835527497706,0.4718128654970759,0.014935929790296947,0.21029348833301928
random,285,0.37614035087719305,0.006357925687267965,0.14737705497161374,0.3784795321637427,0.008905184978700765,0.15008812996608742
