system,n_queries,p@10,ap@10,ndcg@10,p@15,ap@15,ndcg@15
raw_dtw+tsfel,129,0.42015503875968996,0.02727823901206969,0.19169187809736168,0.4134366925064599,0.03750103884777447,0.1984015566000245
tsfel,129,0.41550387596899224,0.0262703033203643,0.18473354899785996,0.41188630490956074,0.03619171488792684,0.196581601330653
raw_dtw,129,0.3666666666666667,0.023697955743488153,0.17310185712524667,0.3498708010335918,0.03091635813329303,0.1751894993956159
raw_cosine,129,0.351937984496124,0.021136738781652932,0.17059878616693347,0.3395348837209302,0.028250778536162858,0.17241150063129515
random,129,0.25813953488372093,0.011415065623335786,0.10263487593208581,0.25684754521963826,0.01523249453372821,0.10967804841112551
