system,n_queries,p@10,ap@10,ndcg@10,p@15,ap@15,ndcg@15
pattern_tsfel,129,0.4496124031007752,0.02904840722077801,0.21187963450226,0.43617571059431526,0.04005716467238983,0.21535474715106595
pattern_raw_cosine+pattern_tsfel,129,0.4348837209302326,0.02761897989208264,0.20445054577753796,0.4175710594315245,0.03730948509193379,0.21053807638566752
pattern_raw_cosine,129,0.36124031007751944,0.02127707832848387,0.17736422093358317,0.35607235142118865,0.029201747039878063,0.18257132016439936
pattern_raw_dtw,129,0.3767441860465117,0.022764121419033473,0.17650880899367674,0.3710594315245478,0.031117222785708908,0.18469082039324747
random,129,0.2705426356589148,0.01237904436676639,0.11392150127163903,0.2754521963824289,0.016809973189348265,0.12408654215305003
