system,n_queries,p@10,ap@10,ndcg@10,p@15,ap@15,ndcg@15
pattern_tsfel,129,0.696124031007752,0.027087947864575603,0.3289564398564308,0.6795865633074935,0.03850994894887479,0.3243518820493944
pattern_raw_cosine+pattern_tsfel,129,0.675968992248062,0.025752346234338173,0.3191659587661914,0.6713178294573643,0.03723048671317428,0.3215482454190606
pattern_raw_cosine,129,0.6255813953488373,0.02325646530664375,0.2924896741682495,0.6093023255813954,0.03271742649116216,0.28542675915142435
pattern_raw_dtw,129,0.6193798449612403,0.02240712463795826,0.28352205339309305,0.621188630490956,0.032496375648026994,0.28401425669664576
random,129,0.5534883720930233,0.017207299229184108,0.23455962634701077,0.5483204134366926,0.024608134811224862,0.2376473402769336
