system,n_queries,p@10,ap@10,ndcg@10,p@15,ap@15,ndcg@15
raw_dtw+tsfel,129,0.7085271317829458,0.027115221560179273,0.36299859123341865,0.6904392764857881,0.038592730735270836,0.3482993155705926
tsfel,129,0.7108527131782945,0.027449551057105857,0.35540995353226734,0.703359173126615,0.039627150970797845,0.3519712830342472
raw_dtw,129,0.6248062015503876,0.0225687445790774,0.2980855617378175,0.6372093023255813,0.03315258944791088,0.29995771488633494
raw_cosine,129,0.6364341085271318,0.022634736534080838,0.29545796216675124,0.6289405684754521,0.032354065735142885,0.29006493979442355
random,129,0.5658914728682171,0.01798936895129223,0.25264805185008343,0.5782945736434109,0.026281484082000352,0.2572872715719727
