system,n_queries,p@10,ap@10,ndcg@10,p@15,ap@15,ndcg@15
pattern_raw_cosine+pattern_tsfel,129,0.7395348837209301,0.02951908395415555,0.3897439324284473,0.731782945736434,0.042893072078197904,0.38373829503157625
pattern_tsfel,129,0.7333333333333333,0.029451085343443338,0.38642234464052483,0.7297157622739018,0.043035963186017476,0.38692432519806996
pattern_raw_dtw,129,0.6720930232558139,0.025536545120744058,0.34546462856559285,0.6666666666666666,0.036745896037238344,0.34555301226497115
pattern_raw_cosine,129,0.6674418604651163,0.025199308505805575,0.34456866096330413,0.6563307493540051,0.03619534346480409,0.33631512534655356
random,129,0.5697674418604651,0.01887613829039208,0.27286149256280856,0.5669250645994831,0.0266624940872552,0.2688286882752004
