system,n_queries,p@10,ap@10,ndcg@10,p@15,ap@15,ndcg@15
pattern_tsfel,129,0.6852713178294574,0.02627936132960021,0.34906181696222016,0.6780361757105944,0.03782350936182987,0.3400451175961364
pattern_raw_cosine+pattern_tsfel,129,0.6798449612403101,0.02592178928356814,0.33913352713265044,0.6770025839793282,0.03763033706800962,0.3361316636162458
pattern_raw_cosine,129,0.6201550387596899,0.022118080335403252,0.30531001812948344,0.6149870801033591,0.0318062560090627,0.3030072938525487
pattern_raw_dtw,129,0.6108527131782946,0.022034475532243945,0.30359314517256175,0.614470284237726,0.032022227949876185,0.3041344048135249
random,129,0.5565891472868217,0.01708843502723416,0.23603861146165955,0.5581395348837209,0.024724238019864498,0.2384564804339068
