system,n_queries,p@10,ap@10,ndcg@10,p@15,ap@15,ndcg@15
pattern_raw_cosine+pattern_tsfel,285,0.8,0.015324279208441663,0.4129211822791099,0.7932163742690058,0.022364320514606073,0.40738643205159697
pattern_tsfel,285,0.7992982456140352,0.015351894268192624,0.4069966211917206,0.7936842105263158,0.02252141148007619,0.4006837016223209
pattern_raw_cosine,285,0.672280701754386,0.011552294845066887,0.3272001816871228,0.6573099415204677,0.016448023115384475,0.31799825384250013
pattern_raw_dtw,285,0.6673684210526315,0.011522954259366966,0.321943780237014,0.6633918128654971,0.016624328222931015,0.3198931225402443
random,285,0.5480701754385965,0.007825601235709688,0.2411970176709266,0.5511111111111111,0.011249344441829338,0.24333412709183147
