system,n_queries,p@10,ap@10,ndcg@10,p@15,ap@15,ndcg@15
pattern_raw_cosine+pattern_tsfel,285,0.792280701754386,0.014967552811537799,0.38171967021290354,0.7833918128654971,0.02182352752294925,0.3749127978957225
pattern_tsfel,285,0.787719298245614,0.014864985779667867,0.37704539907773477,0.783391812865497,0.02180588422260658,0.37278698357530415
pattern_raw_cosine,285,0.6915789473684211,0.012243711404536655,0.3263038309619448,0.6788304093567252,0.017614875410753867,0.31970036635323174
pattern_raw_dtw,285,0.6792982456140351,0.011665537710595352,0.32111072428133486,0.67953216374269,0.017103087214550103,0.31887724115768656
random,285,0.5529824561403508,0.007965787196466631,0.23004056134484954,0.5529824561403509,0.011393614978049266,0.23107434337192187
