system,n_queries,p@10,ap@10,ndcg@10,p@15,ap@15,ndcg@15
tsfel,285,0.7880701754385966,0.014708290860514544,0.4102310817329448,0.7798830409356725,0.021417972363548705,0.4040104545422223
raw_dtw+tsfel,285,0.7821052631578947,0.014444203129053805,0.40918043775354346,0.7723976608187134,0.020965871613006445,0.401034488494497
raw_dtw,285,0.708421052631579,0.012207831370608598,0.35209024051138327,0.6867836257309942,0.01728547073774995,0.34300509032736726
raw_cosine,285,0.6754385964912281,0.011821667083536052,0.34199512030353957,0.6589473684210527,0.016744868750371688,0.33004408514400446
random,285,0.5821052631578948,0.008376852394443614,0.24492891648561302,0.5719298245614035,0.011804913851961415,0.2450391498654769
