system,n_queries,p@10,ap@10,ndcg@10,p@15,ap@15,ndcg@15
pattern_tsfel,129,0.5403100775193798,0.027927407543638327,0.24012589131447304,0.5224806201550388,0.038607654433973786,0.23819894847157466
pattern_raw_cosine+pattern_tsfel,129,0.5325581395348836,0.02723098595417221,0.23574313292786525,0.5322997416020671,0.03869906578178281,0.24281815630618372
pattern_raw_cosine,129,0.4193798449612403,0.019349764966648454,0.18692632364124587,0.41757105943152456,0.02682808282500737,0.1892981638733012
pattern_raw_dtw,129,0.41317829457364347,0.01896314974009017,0.17610330862968215,0.41136950904392766,0.026324610315138684,0.18148569326215175
random,129,0.3798449612403101,0.014875403723119551,0.1518116381426491,0.36795865633074937,0.019914236202341683,0.15269306756560536
