system,n_queries,p@10,ap@10,ndcg@10,p@15,ap@15,ndcg@15
pattern_raw_cosine+pattern_tsfel,129,0.5782945736434109,0.030621315914966727,0.29027861751366807,0.5638242894056847,0.04340246027611342,0.28828001540271975
pattern_tsfel,129,0.5806201550387596,0.031322937896228004,0.2842654058785273,0.5689922480620154,0.04442948001167641,0.28503334736565544
pattern_raw_cosine,129,0.4736434108527132,0.02303179409429198,0.24229292746580172,0.45891472868217054,0.03143805284825894,0.237702119695209
pattern_raw_dtw,129,0.47906976744186036,0.022729133901360606,0.23508875785044403,0.48010335917312663,0.032360906456137734,0.24263056208351597
random,129,0.37674418604651166,0.014778337496648992,0.16724722019285268,0.3731266149870801,0.020182630597491466,0.16831751845422052
