system,n_queries,p@10,ap@10,ndcg@10,p@15,ap@15,ndcg@15
raw_dtw+tsfel,129,0.5302325581395348,0.02725295221467899,0.26626847127788056,0.5162790697674419,0.0375523972794271,0.26065973597908254
tsfel,129,0.5294573643410854,0.02702653973670459,0.2571176244588442,0.5245478036175711,0.03811434470589157,0.25972261769580296
raw_dtw,129,0.44496124031007755,0.020025021870961827,0.21039670909314886,0.4490956072351421,0.028304941819309346,0.21367170988026693
raw_cosine,129,0.43023255813953487,0.0191487905450828,0.20166370757800164,0.4237726098191214,0.02626643840882779,0.20098490489408583
random,129,0.38139534883720927,0.014052923139310945,0.15326508375477685,0.38397932816537467,0.019808541411676237,0.15915148292805886
