system,n_queries,p@10,ap@10,ndcg@10,p@15,ap@15,ndcg@15
pattern_tsfel,151,0.5880794701986755,0.028066022949464718,0.2787620485435061,0.5805739514348786,0.03959737918744459,0.27414112769198007
pattern_raw_cosine+pattern_tsfel,151,0.5834437086092715,0.027813439706858407,0.2730487156707478,0.566887417218543,0.03887134783542249,0.2690855468493733
pattern_raw_dtw,151,0.47880794701986745,0.020019416003771797,0.22987920653820695,0.4631346578366446,0.027417648588590485,0.22353351674440153
pattern_raw_cosine,151,0.46688741721854304,0.01962470296373526,0.2260503580511596,0.4481236203090508,0.026554767451682303,0.21760262979509196
random,151,0.37483443708609265,0.012596833105979902,0.15194825700177028,0.38278145695364235,0.01767811123492839,0.1560849118251294
