system,n_queries,p@10,ap@10,ndcg@10,p@15,ap@15,ndcg@15
pattern_raw_cosine+pattern_tsfel,151,0.5609271523178808,0.025893737388038945,0.27227612671250373,0.5456953642384106,0.03593843950132095,0.27241020701837926
pattern_tsfel,151,0.5754966887417219,0.027034371813844625,0.27141882278271506,0.5637969094922737,0.037708059047352714,0.27284641549691374
pattern_raw_dtw,151,0.433112582781457,0.01734973736209673,0.2089272012956185,0.43796909492273733,0.024081544870779566,0.2121925345743466
pattern_raw_cosine,151,0.4298013245033113,0.016812929090944874,0.20363503986927778,0.4233995584988963,0.02304287923706483,0.2046296263861913
random,151,0.3701986754966888,0.012282631328580417,0.14242737171861042,0.36997792494481235,0.01695585319282551,0.15168953620433548
