system,n_queries,p@10,ap@10,ndcg@10,p@15,ap@15,ndcg@15
pattern_tsfel,151,0.5741721854304636,0.026694557486519464,0.26303410380307396,0.5584988962472407,0.03777481255672504,0.26373470673303695
pattern_raw_cosine+pattern_tsfel,151,0.5741721854304636,0.026694557486519464,0.26303410380307396,0.5584988962472407,0.03777481255672504,0.26373470673303695
pattern_raw_dtw,151,0.45827814569536424,0.01934673632667818,0.21819311097812452,0.44856512141280364,0.026592681819406515,0.217654196636502
pattern_raw_cosine,151,0.4423841059602648,0.018605284105950727,0.20744313927110267,0.42693156732891835,0.025051828026728073,0.20370191037597432
random,151,0.35165562913907283,0.01101860197554642,0.12850202474436354,0.35143487858719646,0.015279460334484926,0.1342510135889982
