pattern_len,system,n_queries,p@10,ap@10,ndcg@10,p@15,ap@15,ndcg@15
12,pattern_tsfel,151,0.46423841059602644,0.02689936075569576,0.2300703330523812,0.4600441501103753,0.037201655183567765,0.2345651092515299
12,pattern_raw_cosine,151,0.3556291390728477,0.017223374054886192,0.17639576531036974,0.34348785871964677,0.02272740483602512,0.17827399005983188
12,pattern_raw_dtw,151,0.3509933774834437,0.01720972100586758,0.1757617704598872,0.35055187637969093,0.023445005706758715,0.18135994237560124
24,pattern_tsfel,151,0.4403973509933774,0.025453929202865617,0.19661212708334125,0.4384105960264901,0.0358079324254654,0.20270755131368406
24,pattern_raw_dtw,151,0.3443708609271523,0.017943819372799232,0.17019359641033058,0.3275938189845475,0.023502994672735707,0.16983047915174446
24,pattern_raw_cosine,151,0.3423841059602649,0.016838177693461725,0.16268774206296802,0.32406181015452534,0.021986500450789558,0.1614755343810669
36,pattern_tsfel,151,0.47483443708609263,0.028114621338283435,0.22721783653639244,0.46225165562913906,0.038825412399433004,0.23039118557432842
36,pattern_raw_cosine,151,0.3490066225165563,0.017732328427518918,0.17424216777964896,0.3280353200883002,0.02289136221502706,0.17259155138909252
36,pattern_raw_dtw,151,0.35165562913907283,0.017416011073707466,0.17149281504950678,0.33818984547461367,0.023053206035041754,0.17125672524251817
