system,n_queries,p@10,ap@10,ndcg@10,p@15,ap@15,ndcg@15
pattern_tsfel,151,0.47483443708609263,0.028114621338283435,0.22721783653639244,0.46225165562913906,0.038825412399433004,0.23039118557432842
pattern_raw_cosine+pattern_tsfel,151,0.47086092715231787,0.02763986505408944,0.22191070553237874,0.4591611479028698,0.03828738405982736,0.22829967418576763
pattern_raw_cosine,151,0.3490066225165563,0.017732328427518918,0.17424216777964896,0.3280353200883002,0.02289136221502706,0.17259155138909252
pattern_raw_dtw,151,0.35165562913907283,0.017416011073707466,0.17149281504950678,0.33818984547461367,0.023053206035041754,0.17125672524251817
random,151,0.2980132450331126,0.011802593852334401,0.12191877789415907,0.29359823399558493,0.015772646238568583,0.12568660102372714
