system,n_queries,p@10,ap@10,ndcg@10,p@15,ap@15,ndcg@15
pattern_raw_cosine+pattern_tsfel,151,0.4629139072847682,0.026210372415609855,0.23095065308774138,0.45960264900662257,0.03668963429290359,0.23585476023986696
pattern_tsfel,151,0.46423841059602644,0.02689936075569576,0.2300703330523812,0.4600441501103753,0.037201655183567765,0.2345651092515299
pattern_raw_cosine,151,0.3556291390728477,0.017223374054886192,0.17639576531036974,0.34348785871964677,0.02272740483602512,0.17827399005983188
pattern_raw_dtw,151,0.3509933774834437,0.01720972100586758,0.1757617704598872,0.35055187637969093,0.023445005706758715,0.18135994237560124
random,151,0.26953642384105964,0.010453250743301837,0.10549751692458034,0.27019867549668874,0.014006985398431832,0.11579420375338287
