system,n_queries,p@10,ap@10,ndcg@10,p@15,ap@15,ndcg@15
raw_dtw+tsfel,151,0.45562913907284774,0.0252245198456803,0.21862066067758926,0.43222958057395144,0.03404872530776453,0.21358311771103256
tsfel,151,0.4470198675496689,0.02501771429223776,0.21811207980076106,0.44635761589403977,0.035059948573018244,0.21970803482178036
raw_dtw,151,0.35231788079470194,0.01789286474187065,0.17461503485142013,0.33951434878587194,0.023270773402647462,0.17181420895678365
raw_cosine,151,0.34172185430463575,0.017004881553880302,0.1730879000339926,0.3267108167770419,0.021957631183808838,0.16981798475616086
random,151,0.2927152317880794,0.011486138680286596,0.12445862836838201,0.2878587196467991,0.015282622655671258,0.1293531226554213
