system,n_queries,p@10,ap@10,ndcg@10,p@15,ap@15,ndcg@15
pattern_raw_cosine+pattern_tsfel,151,0.4609271523178808,0.0262345086470341,0.21483303255020614,0.44459161147902865,0.03605674632954537,0.21757040143729398
pattern_tsfel,151,0.45364238410596025,0.02595397585719345,0.21317144183808415,0.45165562913907287,0.03630970604396713,0.2190426193569571
pattern_raw_cosine,151,0.3443708609271523,0.018248707886664432,0.16555853425141837,0.33642384105960266,0.023987155294861714,0.16748618649733726
pattern_raw_dtw,151,0.3423841059602649,0.017171836079074097,0.16284992550661612,0.3417218543046357,0.02359385611488432,0.16655097504850438
random,151,0.28741721854304636,0.011990539918271346,0.1177793279713322,0.28256070640176595,0.015597780160345878,0.12314258427046837
