system,n_queries,p@10,ap@10,ndcg@10,p@15,ap@15,ndcg@15
tsfel,151,0.4251655629139072,0.023884999116467888,0.1900058463939234,0.41854304635761586,0.0326637189869209,0.19427990474192885
raw_dtw+tsfel,151,0.4185430463576159,0.023432418736728758,0.18943760176292496,0.4097130242825607,0.03217771958533921,0.1910505557681286
raw_dtw,151,0.3370860927152318,0.01599805860075509,0.14782484394840043,0.32406181015452534,0.021103486648242388,0.14954042741877105
raw_cosine,151,0.30596026490066225,0.01481386908422644,0.14098293328833655,0.2980132450331126,0.01946049369932005,0.142304245900299
random,151,0.25960264900662255,0.009464568956069683,0.10108426240047605,0.26225165562913905,0.012843967909381887,0.10921602990860578
