system,n_queries,p@10,ap@10,ndcg@10,p@15,ap@15,ndcg@15
tsfel,151,0.5496688741721855,0.024684724513893253,0.2665347109360115,0.5509933774834437,0.035640240174650284,0.2670498201024508
raw_dtw+tsfel,151,0.547682119205298,0.02411541361578609,0.2603771988098491,0.5253863134657837,0.033576675329480346,0.2557801021790943
raw_dtw,151,0.44834437086092715,0.018168438020718304,0.21581047596528902,0.4335540838852097,0.024518533127668184,0.21388620562287314
raw_cosine,151,0.4344370860927152,0.017136559026122152,0.2085526869704413,0.42339955849889627,0.023366957641065212,0.20552885728947135
random,151,0.39602649006622515,0.013322614423818203,0.16830330579128597,0.3973509933774834,0.018458798883180434,0.173139562161122
