system,n_queries,p@10,ap@10,ndcg@10,p@15,ap@15,ndcg@15
pattern_tsfel,151,0.5496688741721855,0.024948649770126227,0.2555573370276621,0.5554083885209714,0.036316629504985244,0.2568432995884216
pattern_raw_cosine+pattern_tsfel,151,0.5496688741721855,0.024948649770126227,0.2555573370276621,0.5554083885209714,0.036316629504985244,0.2568432995884216
pattern_raw_cosine,151,0.4549668874172186,0.019194620702369408,0.19264735083531945,0.44326710816777043,0.0262007131519417,0.1928612858702533
pattern_raw_dtw,151,0.4503311258278146,0.018097182869230035,0.18957605640606218,0.45386313465783673,0.025847863280395216,0.19312877518823154
random,151,0.36556291390728474,0.012302324516623508,0.1530066314508415,0.36953642384105956,0.016839731013216477,0.1560411450055143
