system,n_queries,p@10,ap@10,ndcg@10,p@15,ap@15,ndcg@15
tsfel,151,0.5463576158940397,0.024994188296608013,0.2629763349009077,0.5271523178807946,0.034439166735731386,0.26025940406635756
raw_dtw+tsfel,151,0.5456953642384106,0.02488212049931605,0.2575656044671117,0.5161147902869757,0.03364837699121565,0.2517821605187688
raw_cosine,151,0.41589403973509936,0.01729498851242608,0.2088620793228491,0.40618101545253865,0.023113208354116056,0.20152967221365245
raw_dtw,151,0.45165562913907276,0.018535635833851257,0.20867708417944125,0.4432671081677704,0.025032478655935227,0.2083684392483151
random,151,0.38344370860927157,0.012594413824340506,0.15330095632623653,0.37924944812362027,0.017269795614090505,0.15709312906339654
