system,n_queries,p@10,ap@10,ndcg@10,p@15,ap@15,ndcg@15
pattern_tsfel,151,0.5629139072847682,0.0261034632540846,0.27678344640579106,0.5364238410596026,0.035831534747419465,0.2709031402293195
pattern_raw_cosine+pattern_tsfel,151,0.5629139072847682,0.0261034632540846,0.27678344640579106,0.5364238410596026,0.035831534747419465,0.2709031402293195
pattern_raw_dtw,151,0.4940397350993377,0.021511424812652974,0.24150697518809922,0.48653421633554084,0.030072458070846176,0.23971279615645844
pattern_raw_cosine,151,0.4390728476821193,0.0186667715138796,0.2232505191570691,0.45033112582781465,0.026560642704865314,0.22504617695463414
random,151,0.36490066225165557,0.011554482107473693,0.1535639147719045,0.3602649006622516,0.015913644684562175,0.15636103867296283
