system,n_queries,p@10,ap@10,ndcg@10,p@15,ap@15,ndcg@15
pattern_tsfel,151,0.5887417218543046,0.027660529198237468,0.27547405667541947,0.5708609271523178,0.03859968427460194,0.2722117865727069
pattern_raw_cosine+pattern_tsfel,151,0.5887417218543046,0.027660529198237468,0.27547405667541947,0.5708609271523178,0.03859968427460194,0.2722117865727069
pattern_raw_dtw,151,0.49072847682119203,0.020993128497521697,0.22846571856594314,0.48785871964679905,0.029409135195217158,0.2311313643731852
pattern_raw_cosine,151,0.47152317880794703,0.019482092922852533,0.2230409015333393,0.4569536423841061,0.026710723533717663,0.21952921334410955
random,151,0.3635761589403973,0.011819089980837146,0.14313043869837075,0.3713024282560706,0.01644767689500546,0.1485154722785157
