system,n_queries,p@10,ap@10,ndcg@10,p@15,ap@15,ndcg@15
pattern_raw_cosine+pattern_tsfel,151,0.5483443708609272,0.025034239227131883,0.28138637537264244,0.5386313465783664,0.035114627035847445,0.2721296725302942
pattern_tsfel,151,0.5582781456953643,0.025288335988815407,0.27875557237448184,0.5479028697571744,0.03564876538745477,0.27338375258118636
pattern_raw_cosine,151,0.47284768211920525,0.020197587557686622,0.23602535795195773,0.4520971302428255,0.027069211595819938,0.2274547972667893
pattern_raw_dtw,151,0.476158940397351,0.019853084338962112,0.23395561834805534,0.4587196467991171,0.027103424501798354,0.22621806307105066
random,151,0.37350993377483444,0.012328804959024206,0.1453482047826826,0.3735099337748344,0.016978982949656485,0.1491277559395474
