system,n_queries,p@10,ap@10,ndcg@10,p@15,ap@15,ndcg@15
tsfel,151,0.5576158940397351,0.025445567017277543,0.2656581540473981,0.5501103752759382,0.03607323722870619,0.26907461728200954
raw_dtw+tsfel,151,0.5463576158940397,0.02470330310965254,0.258123012948781,0.5368653421633554,0.03466421736899825,0.26143014786659086
raw_cosine,151,0.46821192052980126,0.019193818767413044,0.22398576306164625,0.45253863134657835,0.025932515484241983,0.2202334070626462
raw_dtw,151,0.4662251655629138,0.019607176000022406,0.21791922419922183,0.4573951434878587,0.026657663328495684,0.21711810469157836
random,151,0.3788079470198675,0.013049604490683007,0.17287177303881,0.37969094922737306,0.0177754888693396,0.1767791384969174
