system,n_queries,p@10,ap@10,ndcg@10,p@15,ap@15,ndcg@15
tsfel,285,0.6642105263157895,0.016762433379020843,0.3166352466531789,0.655906432748538,0.02416128712548629,0.31205759671982064
raw_dtw+tsfel,285,0.6642105263157895,0.016762433379020843,0.3166352466531789,0.655906432748538,0.02416128712548629,0.31205759671982064
raw_dtw,285,0.5199999999999999,0.011530471807906935,0.23202569875961865,0.5052631578947369,0.015916514704029706,0.2264251444001317
raw_cosine,285,0.504561403508772,0.0116105581638714,0.23112021669726446,0.48654970760233923,0.01582840925152308,0.22211855215461912
random,285,0.38421052631578945,0.00649830298518172,0.1567573953932685,0.3808187134502924,0.008946140904050243,0.154513767780456
