system,n_queries,p@10,ap@10,ndcg@10,p@15,ap@15,ndcg@15
pattern_raw_cosine+pattern_tsfel,285,0.6459649122807019,0.01669667841909039,0.2902307017298569,0.6327485380116958,0.02385184509596483,0.2812369762943456
pattern_tsfel,285,0.6536842105263159,0.017023734393413172,0.2844240907802369,0.6470175438596493,0.024461066317305588,0.2819719891486766
pattern_raw_cosine,285,0.5003508771929825,0.011687648125934522,0.22895672429408886,0.49029239766081867,0.016331153552262417,0.22068393915751372
pattern_raw_dtw,285,0.503859649122807,0.01160081053220456,0.22862516053074722,0.49473684210526314,0.01622938773651467,0.2229674517967631
random,285,0.3775438596491228,0.006707191920906808,0.1347686681347526,0.3733333333333333,0.009185438204717178,0.1366280318172709
