system,n_queries,p@10,ap@10,ndcg@10,p@15,ap@15,ndcg@15
pattern_raw_cosine+pattern_tsfel,285,0.6596491228070176,0.01734585702014558,0.28089746930928644,0.6446783625730995,0.024792964319802668,0.2750420354234659
pattern_tsfel,285,0.6585964912280702,0.01704041596490929,0.27658141898776833,0.6500584795321637,0.02461601936864969,0.2748858235971801
pattern_raw_cosine,285,0.5210526315789473,0.012219747049524997,0.21298431937395387,0.5054970760233918,0.01710342088123676,0.2093752190196587
pattern_raw_dtw,285,0.5007017543859649,0.011612296321625285,0.2096913425782364,0.49988304093567243,0.016520900451524066,0.20815528603855152
random,285,0.363859649122807,0.006252832247067231,0.13495702429459316,0.3618713450292398,0.008534104033540994,0.13492194353059841
