system,n_queries,p@10,ap@10,ndcg@10,p@15,ap@15,ndcg@15
pattern_raw_cosine+pattern_tsfel,129,0.7248062015503876,0.029075731651413056,0.3784723656841301,0.7074935400516795,0.04146056090697817,0.37121150063749514
pattern_tsfel,129,0.7131782945736435,0.028497371911906856,0.3704260561862007,0.7090439276485788,0.04147375540709576,0.3641043192717528
pattern_raw_cosine,129,0.6596899224806201,0.02457806947172341,0.33808635566472867,0.6465116279069768,0.034794007171495854,0.3344627917154019
pattern_raw_dtw,129,0.6542635658914728,0.024754764016777123,0.33155737548040376,0.6532299741602067,0.03557770131146424,0.3298806247086753
random,129,0.5534883720930233,0.017797027652237372,0.257608259275915,0.5483204134366925,0.025296540011082762,0.2600228791651508
