system,n_queries,p@10,ap@10,ndcg@10,p@15,ap@15,ndcg@15
tsfel,129,0.7449612403100776,0.030117402054441623,0.37000119944495274,0.7302325581395349,0.04317196439613075,0.36260155941564376
raw_dtw+tsfel,129,0.7248062015503876,0.0284448680388435,0.3615325542995709,0.7204134366925065,0.041392087501307066,0.3557298027588013
raw_dtw,129,0.641860465116279,0.023519373524628368,0.3084745271801441,0.6304909560723514,0.03324255413353895,0.305721366673425
raw_cosine,129,0.6131782945736435,0.021571582951100343,0.29671995437468496,0.6036175710594315,0.03063834177772717,0.2921467988546939
random,129,0.5604651162790698,0.01762121549172254,0.2383235162758912,0.5643410852713179,0.025501071266803746,0.24063611375303395
